variable,mediana,minimo,maximo
clay_pct_0_30cm,25.37142730345376,15.477679748859249,32.70205678621995
sand_pct_0_30cm,35.992629600353304,24.970152669805643,54.93373770262227
soc_g_kg_0_30cm,22.84139486334083,15.80811473143195,61.528604799526974
ph_0_30cm,7.250836937457768,5.151694305375641,7.861866665395269
bdod_g_cm3_0_30cm,1.3712528918954368,1.146639285545973,1.480187214073171
NDVI_jan_feb,0.2871138301135542,0.1620721698057592,0.8692449553104947
NDVI_jul,0.24412316802741105,0.158118070414308,0.7323545531995638
NDVI_mar_apr,0.3925824735134887,0.197273791694863,0.7325764783728099
NDVI_may_jun,0.332044636346228,0.185523398089543,0.7052050380470523
NDVI_nov_dec,0.244108748434291,0.1542639696015384,0.8605212225651352
EVI_jan_feb,0.1738214467964829,0.0917499078940438,0.7008452248470567
EVI_jul,0.17380629676835285,0.1130724997565038,0.5550210908014505
EVI_mar_apr,0.27531924944308317,0.1347117690734449,0.600667561574993
EVI_may_jun,0.23736435927485972,0.1343194581227293,0.5332582491375677
EVI_nov_dec,0.1347437021823396,0.0800782309345789,0.7122599569084975
NDMI_jan_feb,-0.072294356366787,-0.1914381159727345,0.4192557443313558
NDMI_jul,-0.06737673650933809,-0.1837076783558154,0.2675724022478145
NDMI_mar_apr,0.0273940305092882,-0.1368094249034342,0.3338312921917755
NDMI_may_jun,-0.0059183965331594,-0.1348243979253926,0.3496739465318729
NDMI_nov_dec,-0.1133319606760208,-0.2460550423047963,0.3963023575748292
n_recintos,15840.0,1.0,200704.0
superficie_eurocrops_ha,21528.76,0.54,230669.43
superficie_media_recinto_ha,1.393758774728781,0.1975268817204301,6.2185059247810415
temp_media_c_ene_feb,6.36676955,2.0401167,17.1545265
temp_media_c_mar_abr,10.1156765,5.4357945,17.973779
temp_media_c_may_jun,18.429223999999998,12.816854,24.367385
temp_media_c_jul_ago,23.48420675,16.706721,29.5512485
temp_media_c_sep_dic,12.534913625,8.990133825,20.44833375
temp_rocio_c_ene_feb,2.10761695,-2.4872748500000004,11.3090225
temp_rocio_c_mar_abr,4.614585725,0.0901674999999999,12.1708135
temp_rocio_c_may_jun,9.362000325,3.4151060500000003,15.9992045
temp_rocio_c_jul_ago,12.082123500000002,6.7168455,19.944393
temp_rocio_c_sep_dic,7.251943375,1.895392335,14.954851625
precipitacion_mm_ene_feb,86.57017300000001,6.8343298,497.70794
precipitacion_mm_mar_abr,143.920605,15.762348,568.37325
precipitacion_mm_may_jun,83.35577599999999,0.7489193799999999,304.867
precipitacion_mm_jul_ago,37.236134,0.4588018299999999,227.96003
precipitacion_mm_sep_dic,239.76599,23.7465946,905.81089
radiacion_mj_m2_ene_feb,580.054525,367.71243,972.25272
radiacion_mj_m2_mar_abr,1067.518145,825.74296,1423.1808500000002
radiacion_mj_m2_may_jun,1540.89777,1115.2447,1753.87294
radiacion_mj_m2_jul_ago,1582.61794,1184.70076,1716.3015799999998
radiacion_mj_m2_sep_dic,1392.8689749999999,1019.751864,2086.18995
temp_media_c_campana,13.768180949999998,9.91893395,19.68734866666667
temp_rocio_c_campana,7.243168745833334,3.1219774416666666,14.1369315
precipitacion_mm_campana,576.03872525,86.4981821,1687.4427097
radiacion_mj_m2_campana,6184.80754,4804.06283,7706.76001
