provincia_estandar,cultivo,clay_pct_0_30cm,sand_pct_0_30cm,soc_g_kg_0_30cm,ph_0_30cm,bdod_g_cm3_0_30cm,NDVI_jan_feb,NDVI_jul,NDVI_mar_apr,NDVI_may_jun,NDVI_nov_dec,EVI_jan_feb,EVI_jul,EVI_mar_apr,EVI_may_jun,EVI_nov_dec,NDMI_jan_feb,NDMI_jul,NDMI_mar_apr,NDMI_may_jun,NDMI_nov_dec,n_recintos,superficie_eurocrops_ha,superficie_media_recinto_ha,temp_media_c_ene_feb,temp_media_c_mar_abr,temp_media_c_may_jun,temp_media_c_jul_ago,temp_media_c_sep_dic,temp_rocio_c_ene_feb,temp_rocio_c_mar_abr,temp_rocio_c_may_jun,temp_rocio_c_jul_ago,temp_rocio_c_sep_dic,precipitacion_mm_ene_feb,precipitacion_mm_mar_abr,precipitacion_mm_may_jun,precipitacion_mm_jul_ago,precipitacion_mm_sep_dic,radiacion_mj_m2_ene_feb,radiacion_mj_m2_mar_abr,radiacion_mj_m2_may_jun,radiacion_mj_m2_jul_ago,radiacion_mj_m2_sep_dic,temp_media_c_campana,temp_rocio_c_campana,precipitacion_mm_campana,radiacion_mj_m2_campana
A Coruña,barley,16.8174956794124,45.38603802117088,56.51798682220782,5.187478829120761,1.198658446748758,0.7246165960009336,0.704985986430377,0.5800350875233735,0.4258238467145698,0.6444663190784317,0.5097722980012193,0.5038733185558757,0.41202651193078876,0.2735116867585967,0.40310256594502647,0.2674650263379364,0.18173084522676036,0.14071463796965988,-0.0547066088902729,0.1749115717500354,541.0,267.96,0.4953049907578558,8.540634,10.50716925,15.114347,18.610791750000004,13.075797375,5.814721974999999,7.099889575000001,12.10597175,14.91548975,10.32319905,222.2366905,245.117385,160.5980035,64.72748150000001,462.1835575,422.780135,946.6905449999999,1297.190975,1319.305985,1164.6412799999998,13.260409041666666,10.078439883333335,1221.943338,5203.0172999999995
A Coruña,common_soft_wheat,16.8174956794124,45.38603802117088,56.51798682220782,5.187478829120761,1.198658446748758,0.7246165960009336,0.704985986430377,0.5800350875233735,0.4258238467145698,0.6444663190784317,0.5097722980012193,0.5038733185558757,0.41202651193078876,0.2735116867585967,0.40310256594502647,0.2674650263379364,0.18173084522676036,0.14071463796965988,-0.0547066088902729,0.1749115717500354,1883.0,702.41,0.3730270844397238,8.540634,10.50716925,15.114347,18.610791750000004,13.075797375,5.814721974999999,7.099889575000001,12.10597175,14.91548975,10.32319905,222.2366905,245.117385,160.5980035,64.72748150000001,462.1835575,422.780135,946.6905449999999,1297.190975,1319.305985,1164.6412799999998,13.260409041666666,10.078439883333335,1221.943338,5203.0172999999995
Albacete,barley,24.808089988498978,40.84869918043516,16.202073223185316,7.77704961335989,1.4307609142846458,0.19724830682818345,0.18358749688132836,0.240239109783306,0.24216913601620754,0.171855542404349,0.12107385665049974,0.1376248472442049,0.169903991594053,0.17577379037012614,0.10345751835598445,-0.14844972803363146,-0.1132894524052826,-0.0976729704792231,-0.0664116365480722,-0.15629021483198252,31238.0,115428.15,3.695119725974774,6.1929941,10.360260499999999,19.501218,25.60205825,12.9058863125,1.01611746,3.586906525,7.769695499999999,10.16930225,6.831294025,64.155491,136.812554,58.753059,34.00150825,195.46863125,638.4164000000001,1098.973495,1628.0419200000001,1623.0543149999999,1488.999715,14.754176295833332,5.913801424999999,503.25025155,6477.52435
Albacete,common_soft_wheat,24.808089988498978,40.84869918043516,16.202073223185316,7.77704961335989,1.4307609142846458,0.19724830682818345,0.18358749688132836,0.240239109783306,0.24216913601620754,0.171855542404349,0.12107385665049974,0.1376248472442049,0.169903991594053,0.17577379037012614,0.10345751835598445,-0.14844972803363146,-0.1132894524052826,-0.0976729704792231,-0.0664116365480722,-0.15629021483198252,16275.0,59276.9,3.642205837173579,6.1929941,10.360260499999999,19.501218,25.60205825,12.9058863125,1.01611746,3.586906525,7.769695499999999,10.16930225,6.831294025,64.155491,136.812554,58.753059,34.00150825,195.46863125,638.4164000000001,1098.973495,1628.0419200000001,1623.0543149999999,1488.999715,14.754176295833332,5.913801424999999,503.25025155,6477.52435
Alicante,barley,28.14081783274487,32.7017122972431,19.33509823066453,7.803332708707288,1.4283765640307449,0.30467661314986666,0.3163571659991501,0.345728334656979,0.3300869784113265,0.32809288432914563,0.21095156303699625,0.2558274112271991,0.2597443887548809,0.2714767444458108,0.2285644173686972,-0.01155901341546475,-0.0078013259689567495,0.026239337778766702,0.00391479945035905,-0.0009399047277570001,1340.0,2298.5,1.7152985074626863,9.788018749999999,13.2272255,20.502347999999998,26.015479499999998,15.89610925,3.83492075,7.042499125,11.937413249999999,16.3969775,10.5867172375,83.548407,154.3456235,71.30306820000001,27.747506,257.426733,651.12193,1130.68355,1626.2606500000002,1566.44885,1503.428535,16.973194020833333,9.9092385125,504.10368885,6499.146715000001
Alicante,common_soft_wheat,28.14081783274487,32.7017122972431,19.33509823066453,7.803332708707288,1.4283765640307449,0.30467661314986666,0.3163571659991501,0.345728334656979,0.3300869784113265,0.32809288432914563,0.21095156303699625,0.2558274112271991,0.2597443887548809,0.2714767444458108,0.2285644173686972,-0.01155901341546475,-0.0078013259689567495,0.026239337778766702,0.00391479945035905,-0.0009399047277570001,1013.0,1264.39,1.2481638696939783,9.788018749999999,13.2272255,20.502347999999998,26.015479499999998,15.89610925,3.83492075,7.042499125,11.937413249999999,16.3969775,10.5867172375,83.548407,154.3456235,71.30306820000001,27.747506,257.426733,651.12193,1130.68355,1626.2606500000002,1566.44885,1503.428535,16.973194020833333,9.9092385125,504.10368885,6499.146715000001
Almería,barley,24.65662421812085,39.35405773908459,16.518651100140257,7.673561929359524,1.4301057094426903,0.3028306575156679,0.32230062532025316,0.3593412783386102,0.33980772698030615,0.33008944718549166,0.20308835154505725,0.2519684298258826,0.2617867078963457,0.26950427115700853,0.21886514640325455,0.040933734772125654,0.0449455029933918,0.0741697933362728,0.05474076313756965,0.05853724979142985,4288.0,8986.91,2.095827891791045,8.776435750000001,11.81716825,19.970068750000003,25.41790925,14.791214875,2.596569625,5.5805954,9.435015,13.58624675,8.5841172375,57.9492775,126.02979199999999,49.8896435,18.457518325,159.52500925,703.36197,1179.87855,1681.9114000000002,1632.868655,1635.039275,16.04926755416667,7.9740947291666675,432.38975125,6816.5851999999995
Almería,common_soft_wheat,24.65662421812085,39.35405773908459,16.518651100140257,7.673561929359524,1.4301057094426903,0.3028306575156679,0.32230062532025316,0.3593412783386102,0.33980772698030615,0.33008944718549166,0.20308835154505725,0.2519684298258826,0.2617867078963457,0.26950427115700853,0.21886514640325455,0.040933734772125654,0.0449455029933918,0.0741697933362728,0.05474076313756965,0.05853724979142985,1006.0,2146.37,2.133568588469185,8.776435750000001,11.81716825,19.970068750000003,25.41790925,14.791214875,2.596569625,5.5805954,9.435015,13.58624675,8.5841172375,57.9492775,126.02979199999999,49.8896435,18.457518325,159.52500925,703.36197,1179.87855,1681.9114000000002,1632.868655,1635.039275,16.04926755416667,7.9740947291666675,432.38975125,6816.5851999999995
Asturias,common_soft_wheat,23.477266522142106,37.16764110781218,55.42424776536752,5.661732566724791,1.146639285545973,0.7753206253710201,0.6369412936972042,0.664176031551589,0.44710539379151626,0.7517718802050402,0.576379490487613,0.4707992331321734,0.4861638525782301,0.2987431423603376,0.5100473326572496,0.31214799659632686,0.16016773004723495,0.21557870431789466,0.004369985142441099,0.2616524471002999,27.0,33.25,1.2314814814814814,5.829727825,8.299140725,13.74315775,17.589774,10.734845525,2.76469815,4.8068666,10.928691749999999,14.31455325,7.852775787500001,233.5580445,230.99739499999998,261.37523,152.0347965,493.788108,464.35183,973.4750349999999,1283.485095,1328.972935,1180.176275,11.327972245833333,8.093077870833334,1353.3057,5208.54242
Badajoz,barley,21.418389931563453,45.44558736513142,18.433958609800072,6.540236159018335,1.4420478317211065,0.3261651684280178,0.19724623919480977,0.2909894836687422,0.23045933419425907,0.2597644568798965,0.19139462499474008,0.1366764135465467,0.1797678564156385,0.15036776193012197,0.1316862779153164,-0.05467754805778145,-0.10549231736119499,-0.07909210268852296,-0.09280705862757455,-0.1172258939261646,17053.0,50350.28,2.9525760863191226,8.750867625000001,13.30552025,21.64166625,27.23531275,15.918303125,4.019572675,6.176130000000001,9.302531625,9.8722645,8.33979345,65.79210365,129.52847400000002,37.99019185,6.162133215000001,203.2912265,614.56257,1080.2880799999998,1601.064965,1695.938435,1523.6853449999999,17.290891270833335,7.498018908333332,452.58496242,6544.80202
Badajoz,common_soft_wheat,21.418389931563453,45.44558736513142,18.433958609800072,6.540236159018335,1.4420478317211065,0.3261651684280178,0.19724623919480977,0.2909894836687422,0.23045933419425907,0.2597644568798965,0.19139462499474008,0.1366764135465467,0.1797678564156385,0.15036776193012197,0.1316862779153164,-0.05467754805778145,-0.10549231736119499,-0.07909210268852296,-0.09280705862757455,-0.1172258939261646,30559.0,85398.74,2.7945528322261857,8.750867625000001,13.30552025,21.64166625,27.23531275,15.918303125,4.019572675,6.176130000000001,9.302531625,9.8722645,8.33979345,65.79210365,129.52847400000002,37.99019185,6.162133215000001,203.2912265,614.56257,1080.2880799999998,1601.064965,1695.938435,1523.6853449999999,17.290891270833335,7.498018908333332,452.58496242,6544.80202
Barcelona,barley,26.204354638848468,32.753960683736054,29.990155084554463,7.185439990586382,1.3308924085894462,0.2871332820673715,0.23823887918603837,0.5038483513608917,0.35354760988560896,0.2656519386933005,0.16207688330811748,0.16408338343030726,0.35540263257562743,0.24703901201206316,0.1445305573691683,-0.0702923768082841,-0.0898579014658916,0.1072665492897525,0.013684001771292201,-0.0938029288188961,47320.0,35856.69,0.7577491546914624,5.9966267,9.8988955,17.345998,22.742519,12.2292619875,2.025900795,5.244000850000001,12.348452250000001,16.76263275,8.7314900625,104.096594,173.680574,119.712773,143.978428,298.3310435,550.594665,1057.242175,1455.4227150000002,1418.3741949999999,1296.823105,13.597780204166666,8.778521401333332,809.196672,5715.780815
Barcelona,common_soft_wheat,26.204354638848468,32.753960683736054,29.990155084554463,7.185439990586382,1.3308924085894462,0.2871332820673715,0.23823887918603837,0.5038483513608917,0.35354760988560896,0.2656519386933005,0.16207688330811748,0.16408338343030726,0.35540263257562743,0.24703901201206316,0.1445305573691683,-0.0702923768082841,-0.0898579014658916,0.1072665492897525,0.013684001771292201,-0.0938029288188961,31119.0,24806.26,0.7971419390083229,5.9966267,9.8988955,17.345998,22.742519,12.2292619875,2.025900795,5.244000850000001,12.348452250000001,16.76263275,8.7314900625,104.096594,173.680574,119.712773,143.978428,298.3310435,550.594665,1057.242175,1455.4227150000002,1418.3741949999999,1296.823105,13.597780204166666,8.778521401333332,809.196672,5715.780815
Burgos,barley,28.704485606590584,31.060509805013474,24.87810186587034,7.255276655331994,1.342514301757512,0.22410189554474255,0.2187184507234801,0.4375301964543873,0.564453191544046,0.2089754630494904,0.13474846380000483,0.1532303108263691,0.32420039825680574,0.41210881311018754,0.1113010321104149,-0.1367275894043593,-0.07911144581592315,0.050754189456006696,0.18262109862161136,-0.1523674263255428,153746.0,138563.48,0.9012493333159888,3.95102875,7.624631875,14.703126000000001,19.812153000000002,10.0794176375,0.37894590000000006,2.70725,8.805726,10.64923525,5.45576725,117.931016,154.482578,132.7977965,56.024808500000006,248.89387100000002,471.68221500000004,971.316715,1378.37435,1461.0996049999999,1235.035825,11.418252433333333,5.43646575425,683.9977485,5535.945154999999
Burgos,common_soft_wheat,28.704485606590584,31.060509805013474,24.87810186587034,7.255276655331994,1.342514301757512,0.22410189554474255,0.2187184507234801,0.4375301964543873,0.564453191544046,0.2089754630494904,0.13474846380000483,0.1532303108263691,0.32420039825680574,0.41210881311018754,0.1113010321104149,-0.1367275894043593,-0.07911144581592315,0.050754189456006696,0.18262109862161136,-0.1523674263255428,200704.0,185308.28,0.9232914142219388,3.95102875,7.624631875,14.703126000000001,19.812153000000002,10.0794176375,0.37894590000000006,2.70725,8.805726,10.64923525,5.45576725,117.931016,154.482578,132.7977965,56.024808500000006,248.89387100000002,471.68221500000004,971.316715,1378.37435,1461.0996049999999,1235.035825,11.418252433333333,5.43646575425,683.9977485,5535.945154999999
Cantabria,barley,26.518497065553525,34.15904029717853,48.03415414859565,5.901187501396216,1.1880124590310424,0.8301236725932396,0.5784262651656108,0.695327813739546,0.4883389362880092,0.7497163082504387,0.6618126039525581,0.4256490482563626,0.5329360633041071,0.3304449810362934,0.5654265133670282,0.402669110197234,0.105267161459579,0.2598001597454517,0.0448765556287381,0.30814962439607996,340.0,137.56,0.4045882352941176,5.745674800000001,8.53947025,14.112337750000002,18.200835,11.0366969375,2.437721375,4.5688593,10.86910275,14.23994475,7.8128695624999995,207.3214225,202.4465065,208.504297,135.9208625,416.525084,464.210475,924.272025,1237.17742,1232.299125,1171.1365449999998,11.597757704166666,7.898197020833333,1186.0518244999998,5010.914720000001
Cantabria,common_soft_wheat,26.518497065553525,34.15904029717853,48.03415414859565,5.901187501396216,1.1880124590310424,0.8301236725932396,0.5784262651656108,0.695327813739546,0.4883389362880092,0.7497163082504387,0.6618126039525581,0.4256490482563626,0.5329360633041071,0.3304449810362934,0.5654265133670282,0.402669110197234,0.105267161459579,0.2598001597454517,0.0448765556287381,0.30814962439607996,1395.0,702.87,0.5038494623655914,5.745674800000001,8.53947025,14.112337750000002,18.200835,11.0366969375,2.437721375,4.5688593,10.86910275,14.23994475,7.8128695624999995,207.3214225,202.4465065,208.504297,135.9208625,416.525084,464.210475,924.272025,1237.17742,1232.299125,1171.1365449999998,11.597757704166666,7.898197020833333,1186.0518244999998,5010.914720000001
Castellón,barley,25.020657600298016,35.18430293109192,25.18941010889611,7.478638418212487,1.3693323784264495,0.29096472267890205,0.3339876413859595,0.35358651467599245,0.3495304261253149,0.3397457123065883,0.1659675526030659,0.2245415465170256,0.22658134306511302,0.24029395960425465,0.19715915446932608,-0.0881114965305311,-0.05461411463670585,-0.04310306657845555,-0.027310015899011,-0.05473432995408725,3567.0,2714.15,0.7609055228483319,7.4656335,11.19867925,18.227944,23.7003265,13.412284037500001,1.5029086575000001,4.740542625,11.16686975,15.49558075,8.187458575,85.54065399999999,127.910368,96.0780495,80.4646525,245.180908,613.185275,1096.1143,1535.4167000000002,1483.8902699999999,1400.873005,14.685458854166665,8.281390250000001,643.8696075,6118.64678
Castellón,common_soft_wheat,25.020657600298016,35.18430293109192,25.18941010889611,7.478638418212487,1.3693323784264495,0.29096472267890205,0.3339876413859595,0.35358651467599245,0.3495304261253149,0.3397457123065883,0.1659675526030659,0.2245415465170256,0.22658134306511302,0.24029395960425465,0.19715915446932608,-0.0881114965305311,-0.05461411463670585,-0.04310306657845555,-0.027310015899011,-0.05473432995408725,1335.0,910.44,0.6819775280898877,7.4656335,11.19867925,18.227944,23.7003265,13.412284037500001,1.5029086575000001,4.740542625,11.16686975,15.49558075,8.187458575,85.54065399999999,127.910368,96.0780495,80.4646525,245.180908,613.185275,1096.1143,1535.4167000000002,1483.8902699999999,1400.873005,14.685458854166665,8.281390250000001,643.8696075,6118.64678
Ciudad Real,barley,25.540821734229457,43.21070474494339,17.036367121796776,7.364130323396798,1.433797668518283,0.2197057788849789,0.17770683062231316,0.2636765396717934,0.20702308179032824,0.17864920845287247,0.12691941584409114,0.126919586359967,0.17185682556474405,0.14060212685946005,0.1063447712039812,-0.1279644869050266,-0.1142716016384924,-0.0742282735668092,-0.11327118417419105,-0.15234644660020008,51137.0,133808.89,2.616674619160295,6.934478575,11.839587,21.213469500000002,27.430718,14.071093937499999,1.8868097124999998,4.2602752,7.277799925,7.64227535,6.491650337499999,54.696518,144.324249,40.135643,16.85656405,199.902809,615.919525,1085.453775,1622.9501850000001,1676.18517,1513.6019000000001,16.076379158333335,5.488826870833333,487.13339714999995,6543.717955
Ciudad Real,common_soft_wheat,25.540821734229457,43.21070474494339,17.036367121796776,7.364130323396798,1.433797668518283,0.2197057788849789,0.17770683062231316,0.2636765396717934,0.20702308179032824,0.17864920845287247,0.12691941584409114,0.126919586359967,0.17185682556474405,0.14060212685946005,0.1063447712039812,-0.1279644869050266,-0.1142716016384924,-0.0742282735668092,-0.11327118417419105,-0.15234644660020008,16310.0,43293.41,2.6544089515634584,6.934478575,11.839587,21.213469500000002,27.430718,14.071093937499999,1.8868097124999998,4.2602752,7.277799925,7.64227535,6.491650337499999,54.696518,144.324249,40.135643,16.85656405,199.902809,615.919525,1085.453775,1622.9501850000001,1676.18517,1513.6019000000001,16.076379158333335,5.488826870833333,487.13339714999995,6543.717955
Cuenca,barley,24.3775694278534,38.26548047834629,18.5023914290409,7.574921749070817,1.4037943711750291,0.1933037091882435,0.1991924490281154,0.2539055889080326,0.2656112561458742,0.16793614174684474,0.11715331036107755,0.1484291210068551,0.1767740976338261,0.1933449619512502,0.0956592096435449,-0.1474633660614112,-0.0879000643468157,-0.08596195004695775,-0.03126221576460985,-0.1708969923445372,134392.0,230669.43,1.7163925680100005,4.76209955,9.165308125,18.22690625,24.528519000000003,11.7551098,-0.16997895000000005,2.5769163,7.28846125,8.81012625,5.570275375,56.324401200000004,175.4530085,77.898035,34.690785250000005,243.78470299999998,584.14305,1056.118195,1597.920525,1619.83202,1428.326465,13.588592858333335,4.721376729166667,568.3010387500001,6313.304605
Cuenca,common_soft_wheat,24.3775694278534,38.26548047834629,18.5023914290409,7.574921749070817,1.4037943711750291,0.1933037091882435,0.1991924490281154,0.2539055889080326,0.2656112561458742,0.16793614174684474,0.11715331036107755,0.1484291210068551,0.1767740976338261,0.1933449619512502,0.0956592096435449,-0.1474633660614112,-0.0879000643468157,-0.08596195004695775,-0.03126221576460985,-0.1708969923445372,30453.0,46411.68,1.5240429514333562,4.76209955,9.165308125,18.22690625,24.528519000000003,11.7551098,-0.16997895000000005,2.5769163,7.28846125,8.81012625,5.570275375,56.324401200000004,175.4530085,77.898035,34.690785250000005,243.78470299999998,584.14305,1056.118195,1597.920525,1619.83202,1428.326465,13.588592858333335,4.721376729166667,568.3010387500001,6313.304605
Cáceres,barley,17.110187741336116,49.48306677938192,24.119467904773227,6.249366989402125,1.4092271256290698,0.32032603030982787,0.31634680139799654,0.2402110912322511,0.2753881081092604,0.2772675644376843,0.19922085804842982,0.2226257355277633,0.15425056126944114,0.2031303999135757,0.1483943782831581,-0.05466746994285345,-0.04689309866476845,-0.11338602840116085,-0.07223894518395624,-0.12894285596721805,860.0,1344.13,1.5629418604651164,7.9338619999999995,12.521798,20.75622075,26.46921575,14.950531875,3.3397767,5.7691650249999995,9.545077,9.56015425,7.9788489375000005,91.465615,156.25349500000002,54.3878471,10.30133805,301.7393655,574.162345,1065.38382,1558.7195649999999,1678.01225,1455.579265,16.50490179166667,7.303292725,627.2113118,6363.887650000001
Cáceres,common_soft_wheat,17.110187741336116,49.48306677938192,24.119467904773227,6.249366989402125,1.4092271256290698,0.32032603030982787,0.31634680139799654,0.2402110912322511,0.2753881081092604,0.2772675644376843,0.19922085804842982,0.2226257355277633,0.15425056126944114,0.2031303999135757,0.1483943782831581,-0.05466746994285345,-0.04689309866476845,-0.11338602840116085,-0.07223894518395624,-0.12894285596721805,3155.0,6749.58,2.1393280507131536,7.9338619999999995,12.521798,20.75622075,26.46921575,14.950531875,3.3397767,5.7691650249999995,9.545077,9.56015425,7.9788489375000005,91.465615,156.25349500000002,54.3878471,10.30133805,301.7393655,574.162345,1065.38382,1558.7195649999999,1678.01225,1455.579265,16.50490179166667,7.303292725,627.2113118,6363.887650000001
Cádiz,barley,32.30254239464251,32.14110893702688,22.84139486334083,6.959262369169773,1.41145303721279,0.2499950647270187,0.201168262982927,0.5059313244002108,0.26566316961421066,0.2128522164107708,0.13866852277169028,0.14643763452636555,0.34372604400144374,0.18159771609139055,0.10738804265692414,-0.14459064184865356,-0.09374668538030351,0.09769357131665195,-0.0429607953952727,-0.1992333920712874,2354.0,9616.57,4.085203908241291,11.473053499999999,14.728072625,21.0047435,26.0446785,17.420396625000002,7.04245965,9.23038375,12.434738750000001,15.605139999999999,11.839113874999999,79.74173485,142.5234005,26.99775015,2.797387155,227.0205525,712.0313249999999,1157.5695999999998,1665.35697,1675.256875,1640.219505,18.095855937499998,11.33084915,545.515699265,6851.912475
Cádiz,common_soft_wheat,32.30254239464251,32.14110893702688,22.84139486334083,6.959262369169773,1.41145303721279,0.2499950647270187,0.201168262982927,0.5059313244002108,0.26566316961421066,0.2128522164107708,0.13866852277169028,0.14643763452636555,0.34372604400144374,0.18159771609139055,0.10738804265692414,-0.14459064184865356,-0.09374668538030351,0.09769357131665195,-0.0429607953952727,-0.1992333920712874,1941.0,12070.12,6.2185059247810415,11.473053499999999,14.728072625,21.0047435,26.0446785,17.420396625000002,7.04245965,9.23038375,12.434738750000001,15.605139999999999,11.839113874999999,79.74173485,142.5234005,26.99775015,2.797387155,227.0205525,712.0313249999999,1157.5695999999998,1665.35697,1675.256875,1640.219505,18.095855937499998,11.33084915,545.515699265,6851.912475
Córdoba,barley,27.977760955586824,35.93623331493473,18.0370448614793,6.989155646943889,1.4420640893083423,0.3418068400945196,0.2441614309481765,0.4707140085896093,0.28124567652370575,0.25583643970194,0.21092664505268033,0.18162585291813732,0.3229380414311037,0.19727200881648393,0.14153190979736396,-0.03904596323794835,-0.0693428711292478,0.08200585348852654,-0.0507897322961932,-0.10941010731130026,5618.0,18415.88,3.2780135279458884,8.820018675,13.498780374999999,22.42764875,28.32928125,15.8511799375,3.7809980000000003,6.212652575,9.207526900000001,10.643646375,8.2506279375,57.4998825,132.0864815,35.1429587,6.022735725,211.1189985,657.90257,1100.387665,1646.445365,1696.6439500000001,1557.177405,17.6045647375,7.638797704166666,470.07677804,6678.931979999999
Córdoba,common_soft_wheat,27.977760955586824,35.93623331493473,18.0370448614793,6.989155646943889,1.4420640893083423,0.3418068400945196,0.2441614309481765,0.4707140085896093,0.28124567652370575,0.25583643970194,0.21092664505268033,0.18162585291813732,0.3229380414311037,0.19727200881648393,0.14153190979736396,-0.03904596323794835,-0.0693428711292478,0.08200585348852654,-0.0507897322961932,-0.10941010731130026,8103.0,24135.18,2.9785486856719734,8.820018675,13.498780374999999,22.42764875,28.32928125,15.8511799375,3.7809980000000003,6.212652575,9.207526900000001,10.643646375,8.2506279375,57.4998825,132.0864815,35.1429587,6.022735725,211.1189985,657.90257,1100.387665,1646.445365,1696.6439500000001,1557.177405,17.6045647375,7.638797704166666,470.07677804,6678.931979999999
Gipuzkoa,common_soft_wheat,27.9889240972096,29.453684319887792,47.454498151563165,5.469569621568271,1.1470976944321791,0.8022421891283249,0.5758612853111398,0.5965950322288287,0.5136694373905908,0.835483513228229,0.6457432746239863,0.44072176211370556,0.4120035308966113,0.39033982816039225,0.6468266998285668,0.3608510516877352,0.12475656141806049,0.15511300252428245,0.08556931130860206,0.3262697153770451,1.0,0.54,0.54,7.10752985,9.65088725,15.133281499999999,19.165691,12.2621071625,4.06690835,5.599479075,11.843653,15.266071499999999,9.071530387500001,223.09330999999997,219.665169,214.997435,109.060103,617.95699,448.640965,921.281935,1247.21713,1267.184785,1108.768125,12.650655166666667,9.1855893,1370.8278805,4945.86577
Girona,barley,24.476401855517217,35.04049237182743,36.777612495839975,6.784815616004859,1.2801373830084133,0.43946639831975653,0.2841736529400716,0.5800727668136865,0.395590915465147,0.3418128325538987,0.271508039626583,0.1913972347123778,0.41792543505355284,0.2803141174210993,0.19107942009680579,0.05862386547212625,-0.07423103099442495,0.17382303942027594,0.030174031604188602,-0.02544908672384545,21948.0,19657.55,0.8956419719336614,6.2003257000000005,10.303244849999999,17.35452025,22.7286885,12.453797,1.810373315,5.599514975,12.546902,16.56481875,8.4074795125,139.4259915,180.3743065,172.6091165,133.333914,328.0661635,530.185705,1042.8841550000002,1393.106875,1381.050905,1273.85165,13.869165599999999,8.743492612916667,886.7508155,5582.3454249999995
Girona,common_soft_wheat,24.476401855517217,35.04049237182743,36.777612495839975,6.784815616004859,1.2801373830084133,0.43946639831975653,0.2841736529400716,0.5800727668136865,0.395590915465147,0.3418128325538987,0.271508039626583,0.1913972347123778,0.41792543505355284,0.2803141174210993,0.19107942009680579,0.05862386547212625,-0.07423103099442495,0.17382303942027594,0.030174031604188602,-0.02544908672384545,15840.0,15231.3,0.9615719696969696,6.2003257000000005,10.303244849999999,17.35452025,22.7286885,12.453797,1.810373315,5.599514975,12.546902,16.56481875,8.4074795125,139.4259915,180.3743065,172.6091165,133.333914,328.0661635,530.185705,1042.8841550000002,1393.106875,1381.050905,1273.85165,13.869165599999999,8.743492612916667,886.7508155,5582.3454249999995
Granada,barley,25.37142730345376,36.99702425585095,19.547918796864348,7.429837891956373,1.4011652536355377,0.22653093262209262,0.25781294245217456,0.3457086590495929,0.2753819769581548,0.1991598819606422,0.1406248068198548,0.19920250798031985,0.25196402036579146,0.21093623271514525,0.11714186461015075,-0.07908737298514684,-0.025398248291266252,0.02833832891096905,-0.003894692919115,-0.0977491780508017,14976.0,33748.5,2.253505608974359,6.31699955,10.019762,18.863239,25.35104775,12.809567475000001,0.7660624425000001,3.511246175,7.178000000000001,9.228478925000001,5.6998002125000005,62.9366656,151.6531915,54.56037275,24.015190635000003,194.4668355,699.368075,1131.160085,1668.3246,1661.8443200000002,1629.0725400000001,14.529644508333334,5.286631577916667,505.697313,6801.530435000001
Granada,common_soft_wheat,25.37142730345376,36.99702425585095,19.547918796864348,7.429837891956373,1.4011652536355377,0.22653093262209262,0.25781294245217456,0.3457086590495929,0.2753819769581548,0.1991598819606422,0.1406248068198548,0.19920250798031985,0.25196402036579146,0.21093623271514525,0.11714186461015075,-0.07908737298514684,-0.025398248291266252,0.02833832891096905,-0.003894692919115,-0.0977491780508017,3993.0,9777.25,2.448597545704984,6.31699955,10.019762,18.863239,25.35104775,12.809567475000001,0.7660624425000001,3.511246175,7.178000000000001,9.228478925000001,5.6998002125000005,62.9366656,151.6531915,54.56037275,24.015190635000003,194.4668355,699.368075,1131.160085,1668.3246,1661.8443200000002,1629.0725400000001,14.529644508333334,5.286631577916667,505.697313,6801.530435000001
Guadalajara,barley,23.64379090165741,34.41609728768813,21.88481025817056,7.33873430562416,1.3712528918954368,0.21871182669154615,0.1874704402128473,0.3183759565987557,0.386767607484632,0.1894205070729466,0.12301756698254934,0.13863270007041706,0.21289300525215787,0.27345916966772654,0.1034958816897656,-0.13675986594401424,-0.08595197996643206,-0.0566338034848547,0.056618130715865,-0.1660491236971672,94560.0,80342.05,0.8496409686971236,3.8829055749999997,8.2356435,17.02504225,23.2401695,10.5638156,-0.81403387,1.8506006125,6.825725025,7.40978195,4.3334477625000005,65.435209,181.4335135,101.7506205,32.893576499999995,221.1220045,545.81628,1041.27783,1528.8254149999998,1602.0772200000001,1368.91262,12.566693845833335,3.6527285391666666,577.9028450000001,6132.55398
Guadalajara,common_soft_wheat,23.64379090165741,34.41609728768813,21.88481025817056,7.33873430562416,1.3712528918954368,0.21871182669154615,0.1874704402128473,0.3183759565987557,0.386767607484632,0.1894205070729466,0.12301756698254934,0.13863270007041706,0.21289300525215787,0.27345916966772654,0.1034958816897656,-0.13675986594401424,-0.08595197996643206,-0.0566338034848547,0.056618130715865,-0.1660491236971672,74922.0,69192.32,0.9235247323883506,3.8829055749999997,8.2356435,17.02504225,23.2401695,10.5638156,-0.81403387,1.8506006125,6.825725025,7.40978195,4.3334477625000005,65.435209,181.4335135,101.7506205,32.893576499999995,221.1220045,545.81628,1041.27783,1528.8254149999998,1602.0772200000001,1368.91262,12.566693845833335,3.6527285391666666,577.9028450000001,6132.55398
Huelva,barley,21.64026163403111,47.16316770994197,22.531403594582663,6.4534755998146105,1.4502325065903123,0.32811757158753324,0.22460625315684585,0.4492690952435813,0.3144329312271197,0.22069176843461485,0.19724056075854765,0.1640614753665772,0.3203744814417754,0.23244157646910263,0.1288218468095013,-0.0645027181446977,-0.08201520151022765,0.07620943604849426,-0.0292924069345715,-0.14165575437788705,375.0,1106.49,2.95064,10.644552625,14.801407999999999,22.195019000000002,27.345381500000002,17.2736768125,5.793947725000001,8.0460931,11.345935625,12.73716625,10.2730266375,67.47746855,142.85932,29.981327,2.82411176,205.94552249999998,673.19525,1126.45533,1637.6969199999999,1699.641735,1607.681055,18.330334791666665,9.629757649999998,443.01470169849995,6733.870440000001
Huelva,common_soft_wheat,21.64026163403111,47.16316770994197,22.531403594582663,6.4534755998146105,1.4502325065903123,0.32811757158753324,0.22460625315684585,0.4492690952435813,0.3144329312271197,0.22069176843461485,0.19724056075854765,0.1640614753665772,0.3203744814417754,0.23244157646910263,0.1288218468095013,-0.0645027181446977,-0.08201520151022765,0.07620943604849426,-0.0292924069345715,-0.14165575437788705,2275.0,4183.24,1.838786813186813,10.644552625,14.801407999999999,22.195019000000002,27.345381500000002,17.2736768125,5.793947725000001,8.0460931,11.345935625,12.73716625,10.2730266375,67.47746855,142.85932,29.981327,2.82411176,205.94552249999998,673.19525,1126.45533,1637.6969199999999,1699.641735,1607.681055,18.330334791666665,9.629757649999998,443.01470169849995,6733.870440000001
Huesca,barley,26.58874404243393,30.187439148002905,33.42726025881975,7.267331212487676,1.316439111840041,0.2831864581585032,0.25194700367816053,0.5878984232001335,0.34176683948849235,0.22163820185369976,0.16798231997845592,0.18255765345650085,0.4316288699531541,0.23045125307591274,0.1249772527533895,-0.07128930202671994,-0.08205656162075065,0.17969508392286865,0.0351304574357465,-0.12793144753336905,90301.0,174934.47,1.9372373506384204,3.756440875,8.431529975,16.448705750000002,22.315913000000002,10.2486381625,-0.715331825,2.620010445,8.537783899999999,11.6137365,5.428508775,114.57349099999999,173.6255775,143.1929,99.5111235,311.86650299999997,569.8028400000001,1069.3115750000002,1489.49028,1508.245825,1355.428175,12.2724885375,5.397287927916667,810.4813395,5986.92888
Huesca,common_soft_wheat,26.58874404243393,30.187439148002905,33.42726025881975,7.267331212487676,1.316439111840041,0.2831864581585032,0.25194700367816053,0.5878984232001335,0.34176683948849235,0.22163820185369976,0.16798231997845592,0.18255765345650085,0.4316288699531541,0.23045125307591274,0.1249772527533895,-0.07128930202671994,-0.08205656162075065,0.17969508392286865,0.0351304574357465,-0.12793144753336905,46218.0,81183.89,1.7565426889956297,3.756440875,8.431529975,16.448705750000002,22.315913000000002,10.2486381625,-0.715331825,2.620010445,8.537783899999999,11.6137365,5.428508775,114.57349099999999,173.6255775,143.1929,99.5111235,311.86650299999997,569.8028400000001,1069.3115750000002,1489.49028,1508.245825,1355.428175,12.2724885375,5.397287927916667,810.4813395,5986.92888
Illes Balears,barley,27.33129873118016,35.992629600353304,28.276301755714144,7.242465755966496,1.379667115707908,0.4159865491038068,0.1914293649476762,0.44145096829134245,0.23822972222165245,0.32720500826263954,0.2715128077798009,0.1327782767352474,0.3086674975843875,0.158221344876179,0.20694357842434474,0.0293439868966502,-0.15822206201549438,0.056700542157024844,-0.12112248928715544,-0.0371123676097187,19044.0,16619.07,0.872666981726528,11.43062775,14.1025815,21.045713,26.36700475,17.8914951875,7.0234748499999995,8.99052075,14.982166,19.1532995,13.268000874999998,77.31414995,84.151149,43.5952425,20.849960199999998,237.333658,631.279405,1159.2592049999998,1603.692875,1549.2711399999998,1430.80356,18.202686,12.728252691666668,504.26376289999996,6370.211950000001
Illes Balears,common_soft_wheat,27.33129873118016,35.992629600353304,28.276301755714144,7.242465755966496,1.379667115707908,0.4159865491038068,0.1914293649476762,0.44145096829134245,0.23822972222165245,0.32720500826263954,0.2715128077798009,0.1327782767352474,0.3086674975843875,0.158221344876179,0.20694357842434474,0.0293439868966502,-0.15822206201549438,0.056700542157024844,-0.12112248928715544,-0.0371123676097187,5920.0,5139.73,0.868197635135135,11.43062775,14.1025815,21.045713,26.36700475,17.8914951875,7.0234748499999995,8.99052075,14.982166,19.1532995,13.268000874999998,77.31414995,84.151149,43.5952425,20.849960199999998,237.333658,631.279405,1159.2592049999998,1603.692875,1549.2711399999998,1430.80356,18.202686,12.728252691666668,504.26376289999996,6370.211950000001
Jaén,barley,30.688116173516992,29.78343230591621,19.18514732549988,7.46462718569945,1.4138276559180596,0.36329395626967154,0.27344654970281784,0.38476600519329607,0.29686805546168793,0.33983093032760703,0.2265664627638567,0.20116754895956554,0.2665616929052407,0.21286274732074434,0.1992407408330984,-0.0009849732235343001,-0.0546865088567722,0.01856809850399535,-0.05467524436771515,-0.02535408075690165,2117.0,5299.98,2.503533301842229,7.287453,11.8272665,21.14426625,27.82243675,14.277366875,2.0208584125,4.70072465,7.532159,8.646263625,6.529542625,70.401334,147.6623315,40.981725,17.1317025,220.20354229999998,660.98213,1081.1111449999999,1635.45158,1671.67247,1567.586245,16.254911012500003,5.849341781250001,530.3970400000001,6657.770625
Jaén,common_soft_wheat,30.688116173516992,29.78343230591621,19.18514732549988,7.46462718569945,1.4138276559180596,0.36329395626967154,0.27344654970281784,0.38476600519329607,0.29686805546168793,0.33983093032760703,0.2265664627638567,0.20116754895956554,0.2665616929052407,0.21286274732074434,0.1992407408330984,-0.0009849732235343001,-0.0546865088567722,0.01856809850399535,-0.05467524436771515,-0.02535408075690165,1325.0,2634.5,1.988301886792453,7.287453,11.8272665,21.14426625,27.82243675,14.277366875,2.0208584125,4.70072465,7.532159,8.646263625,6.529542625,70.401334,147.6623315,40.981725,17.1317025,220.20354229999998,660.98213,1081.1111449999999,1635.45158,1671.67247,1567.586245,16.254911012500003,5.849341781250001,530.3970400000001,6657.770625
La Rioja,barley,28.12442067559485,29.71901618110145,25.75944795249755,7.2019767906766194,1.3299673371068308,0.2832176066597808,0.271521579096263,0.3749812368159891,0.4121164585330577,0.2519081619780701,0.1562458178224727,0.1874779599911725,0.25580325706538054,0.2871047944437103,0.1308410382004657,-0.08202010542412895,-0.054715716755593946,0.02047630034108585,0.07811729938282211,-0.089841860573109,30791.0,18625.02,0.6048851937254393,4.020881075,7.531153925,14.789576499999999,19.64347275,10.1002830125,0.1350825250000001,2.7369409375,9.333094675,11.447671750000001,5.4051701375,122.940474,182.2483145,169.8261125,73.9416245,242.85774650000002,501.83349,985.707365,1396.986935,1454.4702,1262.802565,11.374328675000001,5.6639005466666665,751.6903055,5568.765715
La Rioja,common_soft_wheat,28.12442067559485,29.71901618110145,25.75944795249755,7.2019767906766194,1.3299673371068308,0.2832176066597808,0.271521579096263,0.3749812368159891,0.4121164585330577,0.2519081619780701,0.1562458178224727,0.1874779599911725,0.25580325706538054,0.2871047944437103,0.1308410382004657,-0.08202010542412895,-0.054715716755593946,0.02047630034108585,0.07811729938282211,-0.089841860573109,32910.0,24284.81,0.7379158310543908,4.020881075,7.531153925,14.789576499999999,19.64347275,10.1002830125,0.1350825250000001,2.7369409375,9.333094675,11.447671750000001,5.4051701375,122.940474,182.2483145,169.8261125,73.9416245,242.85774650000002,501.83349,985.707365,1396.986935,1454.4702,1262.802565,11.374328675000001,5.6639005466666665,751.6903055,5568.765715
Las Palmas,barley,25.810032702265115,43.41993635882721,20.35506831674174,7.67681131541121,1.3702478585894209,0.3675304772657752,0.2931815641680815,0.35016343048855647,0.3123707951940355,0.30792339032847027,0.2678553677514523,0.18932204402319924,0.2771273419638697,0.2268800437480949,0.19965735202708965,0.17635709146413145,0.0195271665230273,0.15251914863306654,0.06958264379502435,0.08165956435692219,84.0,47.64,0.5671428571428572,16.491183749999998,17.3370895,19.895179,22.2484925,20.057307375,10.30997375,11.86426925,14.48990175,17.065431500000003,14.823753125,31.0382915,23.4981875,8.76643,6.7542362,41.9991192,908.0697,1371.7910000000002,1605.96152,1594.58544,2032.5496349999999,19.47871,13.907569312500002,127.65963515,7494.825825
Las Palmas,common_soft_wheat,25.810032702265115,43.41993635882721,20.35506831674174,7.67681131541121,1.3702478585894209,0.3675304772657752,0.2931815641680815,0.35016343048855647,0.3123707951940355,0.30792339032847027,0.2678553677514523,0.18932204402319924,0.2771273419638697,0.2268800437480949,0.19965735202708965,0.17635709146413145,0.0195271665230273,0.15251914863306654,0.06958264379502435,0.08165956435692219,118.0,104.27,0.8836440677966101,16.491183749999998,17.3370895,19.895179,22.2484925,20.057307375,10.30997375,11.86426925,14.48990175,17.065431500000003,14.823753125,31.0382915,23.4981875,8.76643,6.7542362,41.9991192,908.0697,1371.7910000000002,1605.96152,1594.58544,2032.5496349999999,19.47871,13.907569312500002,127.65963515,7494.825825
León,barley,21.7109395695188,41.01995601706934,40.73160813987658,6.364580219073536,1.2637501117939414,0.22753733487222874,0.31636707511396156,0.28316548746013603,0.31442938998864156,0.2441425689905022,0.11911155524443545,0.21091817831325665,0.1777368256204123,0.21289606176555645,0.1073940469555882,-0.14458892233303075,-0.042978798169189106,-0.08208446272214125,-0.04005285152630525,-0.1757895325433368,19603.0,21528.76,1.0982380247921235,3.524766275,7.272803675,14.064337250000001,19.326906,9.4649085375,-0.09591393000000001,2.04230662575,8.0514241,10.386438250000001,5.0849040875,133.826012,157.870855,134.813293,55.947411,299.88360950000003,476.36734,985.226675,1363.4224,1485.15582,1222.810925,10.790260408333335,4.904973858333333,809.64659025,5558.051325
León,common_soft_wheat,21.7109395695188,41.01995601706934,40.73160813987658,6.364580219073536,1.2637501117939414,0.22753733487222874,0.31636707511396156,0.28316548746013603,0.31442938998864156,0.2441425689905022,0.11911155524443545,0.21091817831325665,0.1777368256204123,0.21289606176555645,0.1073940469555882,-0.14458892233303075,-0.042978798169189106,-0.08208446272214125,-0.04005285152630525,-0.1757895325433368,41512.0,46343.47,1.1163873096935826,3.524766275,7.272803675,14.064337250000001,19.326906,9.4649085375,-0.09591393000000001,2.04230662575,8.0514241,10.386438250000001,5.0849040875,133.826012,157.870855,134.813293,55.947411,299.88360950000003,476.36734,985.226675,1363.4224,1485.15582,1222.810925,10.790260408333335,4.904973858333333,809.64659025,5558.051325
Lleida,barley,26.80088779228917,29.478447761727296,36.8381330183701,7.17928910655981,1.3082891532821035,0.3750326184437268,0.28518717972164265,0.6289292670480083,0.36131391963019177,0.24412746878770836,0.23630737272965535,0.20700614191658562,0.4706853086642495,0.25097585684899515,0.13865295041521924,-0.013658596304892,-0.0586001194880581,0.2167776822030786,0.0420037406593641,-0.12403746620464895,111854.0,110567.44,0.9884978632860694,3.50774645,8.0833295,15.977990000000002,21.685122999999997,9.9303907875,-1.2450789549999999,2.39553297,8.92596775,12.76726825,5.430087233749999,98.78732550000001,167.9282805,134.6778195,135.7579215,269.21248049999997,570.312775,1080.9483100000002,1484.1458699999998,1473.383945,1348.45894,11.888732545833331,5.472676919583334,768.548319,5932.020495000001
Lleida,common_soft_wheat,26.80088779228917,29.478447761727296,36.8381330183701,7.17928910655981,1.3082891532821035,0.3750326184437268,0.28518717972164265,0.6289292670480083,0.36131391963019177,0.24412746878770836,0.23630737272965535,0.20700614191658562,0.4706853086642495,0.25097585684899515,0.13865295041521924,-0.013658596304892,-0.0586001194880581,0.2167776822030786,0.0420037406593641,-0.12403746620464895,61587.0,56950.69,0.92471934012048,3.50774645,8.0833295,15.977990000000002,21.685122999999997,9.9303907875,-1.2450789549999999,2.39553297,8.92596775,12.76726825,5.430087233749999,98.78732550000001,167.9282805,134.6778195,135.7579215,269.21248049999997,570.312775,1080.9483100000002,1484.1458699999998,1473.383945,1348.45894,11.888732545833331,5.472676919583334,768.548319,5932.020495000001
Lugo,barley,16.86948151240638,45.92492350279246,55.1018177413162,5.189617673244169,1.159444550632349,0.7732901233235041,0.6288482159408125,0.6367463388936487,0.440397860614985,0.6950693538190325,0.5812234394120832,0.4493304081599415,0.4436746865796669,0.2881144188000061,0.45052343649374105,0.3384260088560862,0.1212473683506457,0.19438002807903548,-0.007908751523725749,0.2120339390043465,534.0,406.37,0.7609925093632959,6.295734100000001,8.92420575,14.375286875,18.36408925,11.220338125000001,3.640156325,5.353061875,11.14743125,13.9069795,8.4301257875,191.69258000000002,221.4530125,193.48062,64.36921000000001,420.763705,438.48884,944.777715,1289.206945,1352.64748,1155.426035,11.909596279166665,8.426366166666668,1176.9409375,5202.35032
Lugo,common_soft_wheat,16.86948151240638,45.92492350279246,55.1018177413162,5.189617673244169,1.159444550632349,0.7732901233235041,0.6288482159408125,0.6367463388936487,0.440397860614985,0.6950693538190325,0.5812234394120832,0.4493304081599415,0.4436746865796669,0.2881144188000061,0.45052343649374105,0.3384260088560862,0.1212473683506457,0.19438002807903548,-0.007908751523725749,0.2120339390043465,4844.0,1566.71,0.3234331131296449,6.295734100000001,8.92420575,14.375286875,18.36408925,11.220338125000001,3.640156325,5.353061875,11.14743125,13.9069795,8.4301257875,191.69258000000002,221.4530125,193.48062,64.36921000000001,420.763705,438.48884,944.777715,1289.206945,1352.64748,1155.426035,11.909596279166665,8.426366166666668,1176.9409375,5202.35032
Madrid,barley,23.93837642946105,42.31762860431763,19.785028990224937,7.3526634916591185,1.3807294025513286,0.25294369907479297,0.1738045318578485,0.3554424566028134,0.25581566941480016,0.22655721119242095,0.1484177883544947,0.1308369421994964,0.24998943097643925,0.1737856600885358,0.12302590236180594,-0.10262377940933895,-0.1113441896909527,-0.013646511975041799,-0.04494671735856155,-0.13182776512367989,26851.0,39710.37,1.4789158690551565,5.2681645,10.234371750000001,19.414869500000002,25.519693750000002,12.455550800000001,0.508477925,3.2408254750000003,7.4568418,7.84430635,5.6936561875,68.04767225,156.0223765,65.50393249999999,22.7494449,237.07747899999998,552.98215,1055.2491850000001,1578.855665,1639.74248,1403.98849,14.468927604166666,4.909715116666667,541.40508405,6286.603585
Madrid,common_soft_wheat,23.93837642946105,42.31762860431763,19.785028990224937,7.3526634916591185,1.3807294025513286,0.25294369907479297,0.1738045318578485,0.3554424566028134,0.25581566941480016,0.22655721119242095,0.1484177883544947,0.1308369421994964,0.24998943097643925,0.1737856600885358,0.12302590236180594,-0.10262377940933895,-0.1113441896909527,-0.013646511975041799,-0.04494671735856155,-0.13182776512367989,13093.0,20573.85,1.5713625601466432,5.2681645,10.234371750000001,19.414869500000002,25.519693750000002,12.455550800000001,0.508477925,3.2408254750000003,7.4568418,7.84430635,5.6936561875,68.04767225,156.0223765,65.50393249999999,22.7494449,237.07747899999998,552.98215,1055.2491850000001,1578.855665,1639.74248,1403.98849,14.468927604166666,4.909715116666667,541.40508405,6286.603585
Murcia,barley,28.14212353531068,32.383473663801254,15.80811473143195,7.861866665395269,1.4499177163689994,0.2578104776825174,0.3066464000632976,0.34178232290988825,0.29684778632489034,0.2792968886535958,0.1718736635002514,0.25100846551341915,0.2558913862824121,0.2304730846798608,0.19039857284770645,-0.03132733584951945,-0.00585506954621435,0.038041515401106854,3.737914833034999e-05,-0.0224658141143752,6841.0,18398.52,2.689448910977928,8.92892175,12.600270625,20.360022,25.995146,15.06852825,2.850390575,6.1331435249999995,10.47272525,14.670532625,9.4422835,71.90364765000001,125.938495,54.187237800000005,18.834653499999998,180.699794,667.1103850000001,1129.6353749999998,1646.7212,1595.7456499999998,1539.818875,16.3669348125,8.693427074999999,457.5894482,6597.17337
Murcia,common_soft_wheat,28.14212353531068,32.383473663801254,15.80811473143195,7.861866665395269,1.4499177163689994,0.2578104776825174,0.3066464000632976,0.34178232290988825,0.29684778632489034,0.2792968886535958,0.1718736635002514,0.25100846551341915,0.2558913862824121,0.2304730846798608,0.19039857284770645,-0.03132733584951945,-0.00585506954621435,0.038041515401106854,3.737914833034999e-05,-0.0224658141143752,3129.0,8320.69,2.6592170022371366,8.92892175,12.600270625,20.360022,25.995146,15.06852825,2.850390575,6.1331435249999995,10.47272525,14.670532625,9.4422835,71.90364765000001,125.938495,54.187237800000005,18.834653499999998,180.699794,667.1103850000001,1129.6353749999998,1646.7212,1595.7456499999998,1539.818875,16.3669348125,8.693427074999999,457.5894482,6597.17337
Málaga,barley,31.4056117216678,32.82147773423947,22.06149385701749,7.10139275801547,1.3994517617706483,0.33595079215613044,0.2187506597019376,0.3945788263132607,0.269548899543952,0.24417491088651583,0.18554324773586617,0.1542905303483062,0.2627177591148169,0.1855107794164932,0.12690267814065145,-0.035195759543826796,-0.07030577505310956,0.0321579936394452,-0.04690774404936405,-0.10842790463060101,4146.0,11480.94,2.769160636758321,9.62094825,12.78024925,19.9717545,25.502344,15.600340250000002,5.431279725,7.563616550000001,11.058960500000001,14.346773375000001,10.006682937499999,83.55847315,157.301782,28.734035085000002,4.929982774999999,224.498231,691.271395,1118.7989499999999,1673.861225,1683.8438300000003,1630.944555,16.5851334375,9.766442283333333,556.4152839149999,6820.907090000001
Málaga,common_soft_wheat,31.4056117216678,32.82147773423947,22.06149385701749,7.10139275801547,1.3994517617706483,0.33595079215613044,0.2187506597019376,0.3945788263132607,0.269548899543952,0.24417491088651583,0.18554324773586617,0.1542905303483062,0.2627177591148169,0.1855107794164932,0.12690267814065145,-0.035195759543826796,-0.07030577505310956,0.0321579936394452,-0.04690774404936405,-0.10842790463060101,1694.0,5132.92,3.030059031877214,9.62094825,12.78024925,19.9717545,25.502344,15.600340250000002,5.431279725,7.563616550000001,11.058960500000001,14.346773375000001,10.006682937499999,83.55847315,157.301782,28.734035085000002,4.929982774999999,224.498231,691.271395,1118.7989499999999,1673.861225,1683.8438300000003,1630.944555,16.5851334375,9.766442283333333,556.4152839149999,6820.907090000001
Navarra,barley,31.32335790547628,24.970152669805643,31.35806266455273,6.954826134924855,1.298901861511466,0.3105360863587626,0.22554122291879697,0.5039306936451835,0.3984487322697775,0.26264746293706265,0.19923161933721095,0.16285425895659233,0.36421117559701593,0.2753594619906628,0.15037468311782645,-0.035134450549156204,-0.09083928761619886,0.12106501787604965,0.07420263007873715,-0.08978523100934324,41971.0,68644.02,1.6355107097757977,5.117035025,8.928562424999999,15.9798485,20.7592705,11.2158924875,1.7290470675,4.270475275,10.854832,13.328300625,7.271543375,167.0681935,163.4840585,156.985927,97.5226215,310.61485200000004,496.71027000000004,969.51315,1366.3175,1386.1947,1219.34618,12.522258825000002,7.373103376666666,875.2663775000001,5393.366910000001
Navarra,common_soft_wheat,31.32335790547628,24.970152669805643,31.35806266455273,6.954826134924855,1.298901861511466,0.3105360863587626,0.22554122291879697,0.5039306936451835,0.3984487322697775,0.26264746293706265,0.19923161933721095,0.16285425895659233,0.36421117559701593,0.2753594619906628,0.15037468311782645,-0.035134450549156204,-0.09083928761619886,0.12106501787604965,0.07420263007873715,-0.08978523100934324,48905.0,80066.63,1.6371869951947655,5.117035025,8.928562424999999,15.9798485,20.7592705,11.2158924875,1.7290470675,4.270475275,10.854832,13.328300625,7.271543375,167.0681935,163.4840585,156.985927,97.5226215,310.61485200000004,496.71027000000004,969.51315,1366.3175,1386.1947,1219.34618,12.522258825000002,7.373103376666666,875.2663775000001,5393.366910000001
Ourense,barley,16.249732452434706,53.44489651287875,52.00591259343389,5.283026888645734,1.195422189596347,0.445335138465747,0.48625250004810955,0.404455337823753,0.4687709632577833,0.4784941873960973,0.24223662386384837,0.3514803809254466,0.2597368536259814,0.33777735837622946,0.24669936934025521,-0.03337935186966745,0.0586968973366212,-0.0547338205463553,0.015559081804669202,-0.059143970325533396,1307.0,1009.77,0.7725860749808722,5.301692575000001,8.701518750000002,14.700463,19.1422115,10.687866025,2.285857375,4.2597381500000004,10.3756985,12.806912,7.22874345,175.25960700000002,211.541025,164.15859500000002,55.574709750000004,382.044705,463.55841,966.23086,1376.4326700000001,1493.9130599999999,1226.45348,11.7818385875,7.178004679166667,1077.03052,5524.66013
Ourense,common_soft_wheat,16.249732452434706,53.44489651287875,52.00591259343389,5.283026888645734,1.195422189596347,0.445335138465747,0.48625250004810955,0.404455337823753,0.4687709632577833,0.4784941873960973,0.24223662386384837,0.3514803809254466,0.2597368536259814,0.33777735837622946,0.24669936934025521,-0.03337935186966745,0.0586968973366212,-0.0547338205463553,0.015559081804669202,-0.059143970325533396,7183.0,5222.41,0.7270513712933314,5.301692575000001,8.701518750000002,14.700463,19.1422115,10.687866025,2.285857375,4.2597381500000004,10.3756985,12.806912,7.22874345,175.25960700000002,211.541025,164.15859500000002,55.574709750000004,382.044705,463.55841,966.23086,1376.4326700000001,1493.9130599999999,1226.45348,11.7818385875,7.178004679166667,1077.03052,5524.66013
Palencia,barley,26.83553580524947,32.61265872254773,23.38300995902138,7.347835062602215,1.3561270357835948,0.2519624709179415,0.19528729156999652,0.4707139225972625,0.41988650334340116,0.2245731159892652,0.1542614257551113,0.14057632261564523,0.3447988868134241,0.28124440207593404,0.1152100279974047,-0.1269565826641152,-0.12115080529195796,0.0615428035347797,0.0742184463412147,-0.1464934728405398,46919.0,108828.84,2.319504678275325,3.9958918,7.9411409,15.257889875,20.39498675,10.153724987499999,0.1084666249999999,2.43029415,8.234624750000002,10.094111,5.4139276375000005,98.6777355,143.128876,121.1778285,46.0898792,234.322875,469.80744,1001.7642350000001,1401.71999,1505.68058,1249.90013,11.595295929166666,5.0189558795833324,590.4238694999999,5682.722750000001
Palencia,common_soft_wheat,26.83553580524947,32.61265872254773,23.38300995902138,7.347835062602215,1.3561270357835948,0.2519624709179415,0.19528729156999652,0.4707139225972625,0.41988650334340116,0.2245731159892652,0.1542614257551113,0.14057632261564523,0.3447988868134241,0.28124440207593404,0.1152100279974047,-0.1269565826641152,-0.12115080529195796,0.0615428035347797,0.0742184463412147,-0.1464934728405398,60420.0,121569.42,2.012072492552135,3.9958918,7.9411409,15.257889875,20.39498675,10.153724987499999,0.1084666249999999,2.43029415,8.234624750000002,10.094111,5.4139276375000005,98.6777355,143.128876,121.1778285,46.0898792,234.322875,469.80744,1001.7642350000001,1401.71999,1505.68058,1249.90013,11.595295929166666,5.0189558795833324,590.4238694999999,5682.722750000001
Pontevedra,barley,15.477679748859249,54.93373770262227,61.528604799526974,5.151694305375641,1.1701479186359975,0.779614817607262,0.61521224210004,0.6287524944377295,0.47264542892167105,0.7754070995758161,0.5934563192859016,0.42946959129643814,0.4389946714346344,0.3240849190020031,0.5508376493163145,0.3212526184541721,0.08789779616635765,0.16453703307664255,-0.02146459046094825,0.28331181987026366,93.0,18.37,0.1975268817204301,7.89428725,10.4394735,15.315847250000001,19.501719,12.5457865,5.340799875,6.791249500000001,11.678965000000002,14.80136125,9.82219445,209.1167365,293.68224,161.670334,59.94555,596.8245099999999,470.925635,975.249315,1358.3303799999999,1444.1451149999998,1164.00386,13.143102074999998,9.690344862499998,1394.9565515,5435.230654999999
Pontevedra,common_soft_wheat,15.477679748859249,54.93373770262227,61.528604799526974,5.151694305375641,1.1701479186359975,0.7852673896381859,0.6152422225310714,0.6287524944377295,0.48022165406968453,0.7637126362787943,0.5994533949803212,0.42946959129643814,0.4389946714346344,0.32806203267639567,0.5334982537240814,0.3275525669844356,0.09193942957668991,0.16445427754520955,-0.01945638660814345,0.27165571689185014,684.0,203.31,0.2972368421052632,7.7288005,10.4394735,15.541168250000002,19.42031825,12.5457865,5.004811699999999,6.791249500000001,12.19119275,14.80136125,9.706553175,263.70145,293.68224,179.25224,56.92932125,510.88145499999996,451.65677000000005,975.249315,1358.3303799999999,1410.3555649999998,1217.130425,13.143102074999998,9.594577416666667,1360.18862025,5435.230654999999
Salamanca,barley,18.109806377959167,51.23045171113789,24.86092930572984,6.12553323366478,1.3795701483018383,0.2480201070318355,0.18355215424126936,0.38863698197946245,0.2929587910709909,0.2089736067163337,0.1542713261121217,0.1386453484114406,0.2822008642064297,0.21484474789906535,0.1171360588762316,-0.1103529875840833,-0.1044838955925561,0.0038706293364983,-0.01470994415444585,-0.17580413921104682,12444.0,31001.81,2.491305850208936,5.30353475,9.590922375,17.3280605,22.7178685,11.76231975,1.2006351915,3.5286555,8.134731325,9.009416250000001,6.070095287500001,76.711129,147.671416,68.6107465,21.6854417,242.01984199999998,543.6092100000001,1046.059095,1515.4349200000001,1654.82613,1375.5964199999999,13.332828408333333,5.584024181916666,587.71022265,6143.198695
Salamanca,common_soft_wheat,18.109806377959167,51.23045171113789,24.86092930572984,6.12553323366478,1.3795701483018383,0.2480201070318355,0.18355215424126936,0.38863698197946245,0.2929587910709909,0.2089736067163337,0.1542713261121217,0.1386453484114406,0.2822008642064297,0.21484474789906535,0.1171360588762316,-0.1103529875840833,-0.1044838955925561,0.0038706293364983,-0.01470994415444585,-0.17580413921104682,21726.0,63441.91,2.9200915953235755,5.30353475,9.590922375,17.3280605,22.7178685,11.76231975,1.2006351915,3.5286555,8.134731325,9.009416250000001,6.070095287500001,76.711129,147.671416,68.6107465,21.6854417,242.01984199999998,543.6092100000001,1046.059095,1515.4349200000001,1654.82613,1375.5964199999999,13.332828408333333,5.584024181916666,587.71022265,6143.198695
Santa Cruz de Tenerife,barley,32.70205678621995,32.97358463013403,38.50748213094444,7.034813305143394,1.25841503859716,0.4573819362596995,0.40816897173016053,0.4568724952793802,0.44734405155073487,0.4651954721551227,0.32530067454916733,0.32205453321300365,0.3655076748542492,0.35728240349714424,0.3376344649317007,0.191507738711933,0.13661845041850934,0.18351363887816835,0.1437400693655066,0.18798260897694816,31.0,8.11,0.2616129032258064,14.496694,15.19985975,18.314097500000003,21.263967,18.329193125,9.101165875,10.425649,13.37383,15.45561775,13.4564005,54.525599,47.4479135,16.938447250000003,9.4508541,93.17964075,906.483925,1388.57377,1634.39195,1633.8467249999999,2051.54892,17.6333618125,12.515540249999999,223.6689242,7614.06786
Santa Cruz de Tenerife,common_soft_wheat,32.70205678621995,32.97358463013403,38.50748213094444,7.034813305143394,1.25841503859716,0.4573819362596995,0.40816897173016053,0.4568724952793802,0.44734405155073487,0.4651954721551227,0.32530067454916733,0.32205453321300365,0.3655076748542492,0.35728240349714424,0.3376344649317007,0.191507738711933,0.13661845041850934,0.18351363887816835,0.1437400693655066,0.18798260897694816,417.0,95.64,0.2293525179856115,14.496694,15.19985975,18.314097500000003,21.263967,18.329193125,9.101165875,10.425649,13.37383,15.45561775,13.4564005,54.525599,47.4479135,16.938447250000003,9.4508541,93.17964075,906.483925,1388.57377,1634.39195,1633.8467249999999,2051.54892,17.6333618125,12.515540249999999,223.6689242,7614.06786
Segovia,barley,22.95033943412197,47.58392804435696,19.96673350457498,7.250836937457768,1.370242006893574,0.22649484832325883,0.18941522533758334,0.36915819824692775,0.37108222748488806,0.1991623922679209,0.13675985209533664,0.14345495163033006,0.28024355392184364,0.27535238232656023,0.12300375847373124,-0.1279737844415582,-0.1016144435499411,-0.01267810569389015,0.034176462149391754,-0.16407297582923547,48577.0,67704.62,1.393758774728781,4.0156876,8.2110935,16.478023,22.49041275,10.5822675375,-0.30669685,2.1540768000000003,6.985542475,7.804753375,4.6268423,85.297459,155.465866,96.79555450000001,28.50738915,222.387847,530.00961,1051.14969,1512.688265,1616.70266,1357.47375,12.380929029166666,4.056766969583333,587.8304405,6114.833165
Segovia,common_soft_wheat,22.95033943412197,47.58392804435696,19.96673350457498,7.250836937457768,1.370242006893574,0.22649484832325883,0.18941522533758334,0.36915819824692775,0.37108222748488806,0.1991623922679209,0.13675985209533664,0.14345495163033006,0.28024355392184364,0.27535238232656023,0.12300375847373124,-0.1279737844415582,-0.1016144435499411,-0.01267810569389015,0.034176462149391754,-0.16407297582923547,48805.0,67614.13,1.3853935047638564,4.0156876,8.2110935,16.478023,22.49041275,10.5822675375,-0.30669685,2.1540768000000003,6.985542475,7.804753375,4.6268423,85.297459,155.465866,96.79555450000001,28.50738915,222.387847,530.00961,1051.14969,1512.688265,1616.70266,1357.47375,12.380929029166666,4.056766969583333,587.8304405,6114.833165
Sevilla,barley,31.77131470630645,30.53762004011168,16.95241902290036,7.288286143117437,1.480187214073171,0.28123359422958016,0.22849731268542584,0.4433869938207189,0.2812546470180791,0.20113914978288838,0.16405154515877146,0.1650108975949472,0.2910221696628734,0.19724805674002324,0.10345625234349351,-0.08982352112499285,-0.08694283263160285,0.05077354391175125,-0.0508574755641632,-0.1680038512505191,4755.0,22552.17,4.742832807570977,10.5347315,15.03257125,22.98690825,28.280274,17.322171187499997,5.4841856,7.9615599,10.937714,13.174805500000002,10.059870624999999,64.02675185,134.28032000000002,26.19957335,3.504779802,190.679826,680.08534,1119.8504149999999,1653.9843,1702.18805,1595.97841,18.587999458333332,9.493301604166668,438.5435494,6741.856465
Sevilla,common_soft_wheat,31.77131470630645,30.53762004011168,16.95241902290036,7.288286143117437,1.480187214073171,0.28123359422958016,0.22849731268542584,0.4433869938207189,0.2812546470180791,0.20113914978288838,0.16405154515877146,0.1650108975949472,0.2910221696628734,0.19724805674002324,0.10345625234349351,-0.08982352112499285,-0.08694283263160285,0.05077354391175125,-0.0508574755641632,-0.1680038512505191,14170.0,65331.45,4.610546930134086,10.5347315,15.03257125,22.98690825,28.280274,17.322171187499997,5.4841856,7.9615599,10.937714,13.174805500000002,10.059870624999999,64.02675185,134.28032000000002,26.19957335,3.504779802,190.679826,680.08534,1119.8504149999999,1653.9843,1702.18805,1595.97841,18.587999458333332,9.493301604166668,438.5435494,6741.856465
Soria,barley,24.14897133863889,38.1844620214656,21.79758516066749,7.418943188363471,1.364438552086122,0.2089690498605653,0.21873625549753362,0.3301428349776506,0.4765705572204272,0.18553316186835267,0.12358445039116406,0.14872810103431156,0.2323872267670686,0.32911884134318875,0.1034935178815965,-0.14551558614958926,-0.08499166499687516,-0.039012370897815854,0.09864357610690255,-0.1601633136736888,72360.0,75967.29,1.0498519900497512,3.4078673750000004,7.445164224999999,15.611389500000001,21.346937,9.7119680625,-0.9289299050000001,1.503688305,7.290812575,8.327917375,4.13420831625,82.454077,161.37931700000001,129.9496105,44.1697605,200.958436,533.206775,1040.87675,1469.9548,1571.4361199999998,1332.67804,11.597132083333333,3.82887933725,586.5075939999999,5951.89505
Soria,common_soft_wheat,24.14897133863889,38.1844620214656,21.79758516066749,7.418943188363471,1.364438552086122,0.2089690498605653,0.21873625549753362,0.3301428349776506,0.4765705572204272,0.18553316186835267,0.12358445039116406,0.14872810103431156,0.2323872267670686,0.32911884134318875,0.1034935178815965,-0.14551558614958926,-0.08499166499687516,-0.039012370897815854,0.09864357610690255,-0.1601633136736888,88755.0,92744.03,1.0449442848290238,3.4078673750000004,7.445164224999999,15.611389500000001,21.346937,9.7119680625,-0.9289299050000001,1.503688305,7.290812575,8.327917375,4.13420831625,82.454077,161.37931700000001,129.9496105,44.1697605,200.958436,533.206775,1040.87675,1469.9548,1571.4361199999998,1332.67804,11.597132083333333,3.82887933725,586.5075939999999,5951.89505
Tarragona,barley,27.039674946850173,29.157641826116148,25.42767199008608,7.541700374846145,1.3779395177871585,0.2636739192607722,0.35148540595778216,0.3124840884880994,0.3320191601651086,0.25778473903042376,0.16210016967924895,0.24806557921332495,0.21484614833661125,0.23435549071521325,0.1523201299131772,-0.05366572218784165,-0.02354944319064805,-0.02344657748621915,-0.01173452374122515,-0.0771704293546042,18795.0,13745.41,0.7313333333333333,8.093374625,12.023608625,19.496631,25.036161,14.3265832875,3.103074375,5.7870507,12.158892000000002,16.490389,9.4614992125,90.5637855,113.890165,70.752531,73.681376,249.81089500000002,573.69805,1093.6524650000001,1534.53845,1494.67777,1386.423695,15.597649441666668,9.31456249375,562.2551485,6054.23336
Tarragona,common_soft_wheat,27.039674946850173,29.157641826116148,25.42767199008608,7.541700374846145,1.3779395177871585,0.2636739192607722,0.35148540595778216,0.3124840884880994,0.3320191601651086,0.25778473903042376,0.16210016967924895,0.24806557921332495,0.21484614833661125,0.23435549071521325,0.1523201299131772,-0.05366572218784165,-0.02354944319064805,-0.02344657748621915,-0.01173452374122515,-0.0771704293546042,8995.0,7338.23,0.8158121178432463,8.093374625,12.023608625,19.496631,25.036161,14.3265832875,3.103074375,5.7870507,12.158892000000002,16.490389,9.4614992125,90.5637855,113.890165,70.752531,73.681376,249.81089500000002,573.69805,1093.6524650000001,1534.53845,1494.67777,1386.423695,15.597649441666668,9.31456249375,562.2551485,6054.23336
Teruel,barley,22.47443950415829,33.79777589993578,21.10040503109295,7.412077456982944,1.4040643147552672,0.2226518085895641,0.18554482993211735,0.3222375943982583,0.3359227180807775,0.18356093734725776,0.1367037442249188,0.134740996342206,0.22852153290333183,0.24022395469877716,0.1074038635610442,-0.1308486032025161,-0.1035172317200427,-0.039067278447583745,0.0038974717374322997,-0.16797987565625244,106131.0,97364.16,0.917396048279956,4.303069725,8.0245489,16.53531325,22.3442815,10.53191125,-1.00912053875,1.3209107850000001,7.6136737499999985,9.968956875,4.9066275125,87.3363895,146.2308395,109.8108025,68.20185000000001,199.51611450000001,601.767125,1079.91703,1527.16955,1537.926705,1405.53242,12.333556258333335,4.5894595012499995,563.0356095,6122.203985
Teruel,common_soft_wheat,22.47443950415829,33.79777589993578,21.10040503109295,7.412077456982944,1.4040643147552672,0.2226518085895641,0.18554482993211735,0.3222375943982583,0.3359227180807775,0.18356093734725776,0.1367037442249188,0.134740996342206,0.22852153290333183,0.24022395469877716,0.1074038635610442,-0.1308486032025161,-0.1035172317200427,-0.039067278447583745,0.0038974717374322997,-0.16797987565625244,53228.0,40667.49,0.7640243856616817,4.303069725,8.0245489,16.53531325,22.3442815,10.53191125,-1.00912053875,1.3209107850000001,7.6136737499999985,9.968956875,4.9066275125,87.3363895,146.2308395,109.8108025,68.20185000000001,199.51611450000001,601.767125,1079.91703,1527.16955,1537.926705,1405.53242,12.333556258333335,4.5894595012499995,563.0356095,6122.203985
Toledo,barley,24.03382423807433,44.03232096632096,15.83815342941664,7.521497534421158,1.4232979965825454,0.21774086277608615,0.1757826710191781,0.28323019992011567,0.21092025173416865,0.18551918932963335,0.1386598607112759,0.12692173157750675,0.19725587034191355,0.14646140525017576,0.10830063325674716,-0.1211400899916406,-0.12695197066523015,-0.06250681618827805,-0.11718780394155295,-0.15625259268272634,60027.0,129337.7,2.154658736901728,6.45643,11.52070225,20.781513250000003,26.7028755,13.772651750000001,1.7731389174999999,4.33198015,7.872024424999999,8.46660625,6.7077229,61.5807835,138.8854905,49.1818425,20.3984826,229.97716200000002,582.88634,1078.858645,1605.09076,1663.6201350000001,1456.4654850000002,15.675940470833334,5.84318756125,517.5516721399999,6434.74628
Toledo,common_soft_wheat,24.03382423807433,44.03232096632096,15.83815342941664,7.521497534421158,1.4232979965825454,0.21774086277608615,0.1757826710191781,0.28323019992011567,0.21092025173416865,0.18551918932963335,0.1386598607112759,0.12692173157750675,0.19725587034191355,0.14646140525017576,0.10830063325674716,-0.1211400899916406,-0.12695197066523015,-0.06250681618827805,-0.11718780394155295,-0.15625259268272634,21380.0,49722.1,2.3256361085126285,6.45643,11.52070225,20.781513250000003,26.7028755,13.772651750000001,1.7731389174999999,4.33198015,7.872024424999999,8.46660625,6.7077229,61.5807835,138.8854905,49.1818425,20.3984826,229.97716200000002,582.88634,1078.858645,1605.09076,1663.6201350000001,1456.4654850000002,15.675940470833334,5.84318756125,517.5516721399999,6434.74628
Valencia,barley,26.0008257832434,37.048684736688,22.372951102187645,7.601531685280463,1.4041003137156485,0.235279712779478,0.353483073676056,0.2656238111239419,0.3456997059717327,0.25001355603111275,0.14651462700578405,0.26171795486388916,0.1777338228320407,0.2519727666685082,0.1523380487150868,-0.08988744712025346,-0.0058493311721819,-0.07620054834719606,-0.0019799564003210503,-0.0898691110559236,6365.0,7672.99,1.2054972505891597,8.051197075,11.916307125,19.4928005,25.15363,14.22900805,2.231473025,5.441813475,10.873665249999998,15.0273015,9.0264199375,86.89009300000001,154.8746665,83.9851725,54.192534249999994,272.373068,622.766475,1091.64478,1589.5652,1527.6189749999999,1427.538285,15.558367304166666,8.5766639875,584.37660095,6289.2865
Valencia,common_soft_wheat,26.0008257832434,37.048684736688,22.372951102187645,7.601531685280463,1.4041003137156485,0.235279712779478,0.353483073676056,0.2656238111239419,0.3456997059717327,0.25001355603111275,0.14651462700578405,0.26171795486388916,0.1777338228320407,0.2519727666685082,0.1523380487150868,-0.08988744712025346,-0.0058493311721819,-0.07620054834719606,-0.0019799564003210503,-0.0898691110559236,2533.0,2946.3,1.1631662060797474,8.051197075,11.916307125,19.4928005,25.15363,14.22900805,2.231473025,5.441813475,10.873665249999998,15.0273015,9.0264199375,86.89009300000001,154.8746665,83.9851725,54.192534249999994,272.373068,622.766475,1091.64478,1589.5652,1527.6189749999999,1427.538285,15.558367304166666,8.5766639875,584.37660095,6289.2865
Valladolid,barley,25.05730563338003,44.38433851977854,16.605732397771998,7.537662389100126,1.368638307984791,0.2255709495318807,0.1855320321979502,0.44136608285231316,0.3378799042324738,0.1829784298120064,0.13865977206951596,0.1405835395434326,0.3349971804802306,0.2353403393590941,0.10158687844250056,-0.1367477198133785,-0.1211357749048031,0.05080492365252735,0.02343010660089655,-0.1683826192936218,60977.0,161434.74,2.6474693736982795,4.90310115,9.534520875,17.638219,23.13318725,11.4666887125,0.8160095125,2.9980941249999997,7.558957075,8.874941750000001,5.6998097125000005,68.5745845,124.96151200000001,81.42749649999999,26.8832753,195.059773,500.61029,1051.89138,1500.35387,1619.172125,1326.552665,13.299535599999999,5.0678628075,484.97699167,6047.71968
Valladolid,common_soft_wheat,25.05730563338003,44.38433851977854,16.605732397771998,7.537662389100126,1.368638307984791,0.2255709495318807,0.1855320321979502,0.44136608285231316,0.3378799042324738,0.1829784298120064,0.13865977206951596,0.1405835395434326,0.3349971804802306,0.2353403393590941,0.10158687844250056,-0.1367477198133785,-0.1211357749048031,0.05080492365252735,0.02343010660089655,-0.1683826192936218,40007.0,108613.74,2.7148683980303447,4.90310115,9.534520875,17.638219,23.13318725,11.4666887125,0.8160095125,2.9980941249999997,7.558957075,8.874941750000001,5.6998097125000005,68.5745845,124.96151200000001,81.42749649999999,26.8832753,195.059773,500.61029,1051.89138,1500.35387,1619.172125,1326.552665,13.299535599999999,5.0678628075,484.97699167,6047.71968
Zamora,barley,20.944712657487724,43.92237419003452,25.184467164860514,6.42948867049523,1.3298581028586076,0.25783199823034264,0.18354788203895822,0.36329515006971036,0.29101619746677054,0.22266003792909728,0.15429817789444905,0.1327795784252618,0.253923887369377,0.20311931954703255,0.1210869136468045,-0.11329308840130045,-0.1211484247395815,-0.007756486866226599,-0.03125318535714685,-0.1445558017444091,29950.0,63008.49,2.1037893155258764,4.9972621,9.3366305,16.911751000000002,22.254464249999998,11.304539325,0.9090358475,3.00633895,7.890302125,9.141414000000001,5.801413375,64.4021075,128.100102,91.864012,25.5512446,220.386909,498.744455,1028.98498,1487.8513349999998,1623.0654949999998,1299.14949,12.969714645833335,5.307269070833333,546.5526822,5964.73365
Zamora,common_soft_wheat,20.944712657487724,43.92237419003452,25.184467164860514,6.42948867049523,1.3298581028586076,0.25783199823034264,0.18354788203895822,0.36329515006971036,0.29101619746677054,0.22266003792909728,0.15429817789444905,0.1327795784252618,0.253923887369377,0.20311931954703255,0.1210869136468045,-0.11329308840130045,-0.1211484247395815,-0.007756486866226599,-0.03125318535714685,-0.1445558017444091,36254.0,69855.61,1.926838693661389,4.9972621,9.3366305,16.911751000000002,22.254464249999998,11.304539325,0.9090358475,3.00633895,7.890302125,9.141414000000001,5.801413375,64.4021075,128.100102,91.864012,25.5512446,220.386909,498.744455,1028.98498,1487.8513349999998,1623.0654949999998,1299.14949,12.969714645833335,5.307269070833333,546.5526822,5964.73365
Zaragoza,barley,28.48526921389855,27.13269446924836,19.52018178987687,7.699227047889838,1.4005314565905318,0.25974156765974976,0.24023745297526217,0.4785527602341819,0.3808675141031303,0.20700540489579766,0.1584943136901624,0.18552579772960495,0.36524040978787176,0.27929126881812,0.13157853863090968,-0.08989340829954584,-0.06838336920184135,0.0986001825741205,0.0507933315299781,-0.1289621707411709,125871.0,163698.06,1.3005224396405843,6.141708675,10.59799225,18.843171750000003,24.3844655,12.443434125,1.3040154499999999,3.3780484250000002,8.807647825,11.59406775,6.778506675000001,73.97926939999999,121.33596349999999,86.412544,46.506494,194.0260505,565.39095,1070.81437,1512.3752249999998,1550.8767750000002,1371.5829899999999,14.48965845,6.310398714583333,504.1086715,6060.627474999999
Zaragoza,common_soft_wheat,28.48526921389855,27.13269446924836,19.52018178987687,7.699227047889838,1.4005314565905318,0.25974156765974976,0.24023745297526217,0.4785527602341819,0.3808675141031303,0.20700540489579766,0.1584943136901624,0.18552579772960495,0.36524040978787176,0.27929126881812,0.13157853863090968,-0.08989340829954584,-0.06838336920184135,0.0986001825741205,0.0507933315299781,-0.1289621707411709,54407.0,64332.04,1.1824221148014042,6.141708675,10.59799225,18.843171750000003,24.3844655,12.443434125,1.3040154499999999,3.3780484250000002,8.807647825,11.59406775,6.778506675000001,73.97926939999999,121.33596349999999,86.412544,46.506494,194.0260505,565.39095,1070.81437,1512.3752249999998,1550.8767750000002,1371.5829899999999,14.48965845,6.310398714583333,504.1086715,6060.627474999999
Álava,barley,31.5827763496144,25.36169499958537,33.23610968294773,6.722444370732785,1.2771215689526494,0.2909000334524086,0.26952543705758436,0.4549725237262352,0.6406226197969932,0.236305933732504,0.1464549262668297,0.16990516761476077,0.31444059130219265,0.4755727421088919,0.1152902915015318,-0.0839700973750091,-0.050778541571930805,0.059618079827055,0.2851390045234157,-0.1152631980951161,13691.0,12922.23,0.9438485136220874,4.7036007,8.226449125,14.570547999999999,19.02576275,10.707036675000001,1.9050167249999999,4.217340825,10.792489499999999,13.434012,7.1911082,166.26194950000001,161.90818000000002,139.58345,58.906487999999996,309.16551350000003,466.28079,918.584475,1281.667905,1298.4139799999998,1167.488405,11.593489745833333,7.420344972083333,859.7152424999999,5100.20518
Álava,common_soft_wheat,31.5827763496144,25.36169499958537,33.23610968294773,6.722444370732785,1.2771215689526494,0.2909000334524086,0.26952543705758436,0.4549725237262352,0.6406226197969932,0.236305933732504,0.1464549262668297,0.16990516761476077,0.31444059130219265,0.4755727421088919,0.1152902915015318,-0.0839700973750091,-0.050778541571930805,0.059618079827055,0.2851390045234157,-0.1152631980951161,20083.0,19526.99,0.9723143952596724,4.7036007,8.226449125,14.570547999999999,19.02576275,10.707036675000001,1.9050167249999999,4.217340825,10.792489499999999,13.434012,7.1911082,166.26194950000001,161.90818000000002,139.58345,58.906487999999996,309.16551350000003,466.28079,918.584475,1281.667905,1298.4139799999998,1167.488405,11.593489745833333,7.420344972083333,859.7152424999999,5100.20518
Ávila,barley,18.84587684120659,52.67248967780342,26.25381735908533,6.769433481413691,1.3472347846903128,0.26958511464109425,0.17181586441487495,0.4043038187977941,0.26170079590555,0.22651012399124631,0.1894215387868061,0.13570015244391465,0.3203407538501209,0.1913865940517847,0.1454736700606185,-0.08887107553891485,-0.11721993669319085,0.0204867596118476,-0.040068971550757546,-0.13275904005482655,20876.0,46420.69,2.223639107108641,4.034470574999999,8.141699325,16.5713605,22.323293749999998,10.749367374999999,-0.572096865,2.17591401,6.832495225,7.2141673,4.648381025,84.974904,182.20960150000002,82.937419,26.616905,278.7260595,567.48104,1062.71161,1538.7154500000001,1641.7331,1399.0943,12.3275740375,4.053606781666667,674.2871303,6262.76997
Ávila,common_soft_wheat,18.84587684120659,52.67248967780342,26.25381735908533,6.769433481413691,1.3472347846903128,0.26958511464109425,0.17181586441487495,0.4043038187977941,0.26170079590555,0.22651012399124631,0.1894215387868061,0.13570015244391465,0.3203407538501209,0.1913865940517847,0.1454736700606185,-0.08887107553891485,-0.11721993669319085,0.0204867596118476,-0.040068971550757546,-0.13275904005482655,15452.0,34809.66,2.2527608076624386,4.034470574999999,8.141699325,16.5713605,22.323293749999998,10.749367374999999,-0.572096865,2.17591401,6.832495225,7.2141673,4.648381025,84.974904,182.20960150000002,82.937419,26.616905,278.7260595,567.48104,1062.71161,1538.7154500000001,1641.7331,1399.0943,12.3275740375,4.053606781666667,674.2871303,6262.76997
